district,crop,season,yield
Adilabad,Arhar/Tur,Kharif,1.02
Adilabad,Bajra,Kharif,1.21
Komaram bheem asifabad,Coriander,Kharif,1.0
Komaram bheem asifabad,Cowpea(Lobia),Kharif,0.72
Komaram bheem asifabad,Castor seed,Kharif,0.87
Komaram bheem asifabad,Coriander,Rabi,0.82
Komaram bheem asifabad,Cowpea(Lobia),Rabi,0.98
Komaram bheem asifabad,Dry chillies,Kharif,4.46
Komaram bheem asifabad,Dry chillies,Rabi,5.72
Komaram bheem asifabad,Gram,Rabi,1.34
Komaram bheem asifabad,Groundnut,Kharif,2.12
Komaram bheem asifabad,Horse-gram,Kharif,1.27
Komaram bheem asifabad,Jowar,Kharif,0.65
Komaram bheem asifabad,Groundnut,Rabi,2.26
Komaram bheem asifabad,Horse-gram,Rabi,0.6
Komaram bheem asifabad,Jowar,Rabi,0.89
Komaram bheem asifabad,Maize,Kharif,3.08
Komaram bheem asifabad,Moong(Green Gram),Kharif,0.53
Komaram bheem asifabad,Onion,Kharif,17.8
Komaram bheem asifabad,Ragi,Kharif,1.29
Komaram bheem asifabad,Maize,Rabi,5.78
Komaram bheem asifabad,Moong(Green Gram),Rabi,1.11
Komaram bheem asifabad,Onion,Rabi,30.11
Komaram bheem asifabad,Potato,Rabi,21.0
Komaram bheem asifabad,Ragi,Rabi,1.75
Komaram bheem asifabad,Rice,Kharif,2.31
Khammam,Groundnut,Kharif,1.99
Khammam,Horse-gram,Kharif,1.5
Khammam,Groundnut,Rabi,2.12
Khammam,Horse-gram,Rabi,1.45
Khammam,Jowar,Kharif,0.93
Khammam,Jowar,Rabi,1.69
Khammam,Maize,Rabi,7.57
Khammam,Maize,Kharif,4.45
Khammam,Moong(Green Gram),Kharif,0.41
Khammam,Moong(Green Gram),Rabi,0.84
Khammam,Oilseeds total,Kharif,18.89
Khammam,Onion,Kharif,14.88
Khammam,Oilseeds total,Rabi,2.57
Khammam,Onion,Rabi,30.07
Khammam,Ragi,Kharif,1.5
Khammam,Rice,Kharif,3.2
Khammam,Rapeseed &Mustard,Rabi,1.0
Khammam,Rice,Rabi,3.38
Khammam,Safflower,Rabi,1.0
Khammam,Sesamum,Kharif,0.23
Khammam,Small millets,Kharif,1.1
Khammam,Sesamum,Rabi,0.46
Khammam,Small millets,Rabi,1.52
Komaram bheem asifabad,Sesamum,Kharif,0.21
Komaram bheem asifabad,Small millets,Kharif,1.38
Komaram bheem asifabad,Soyabean,Kharif,1.26
Komaram bheem asifabad,Sunflower,Kharif,0.8
Komaram bheem asifabad,Sweet potato,Kharif,16.0
Komaram bheem asifabad,Rice,Rabi,3.0
Komaram bheem asifabad,Safflower,Rabi,0.94
Komaram bheem asifabad,Sesamum,Rabi,0.65
Komaram bheem asifabad,Small millets,Rabi,1.0
Komaram bheem asifabad,Soyabean,Rabi,1.25
Komaram bheem asifabad,Sugarcane,Kharif,93.12
Komaram bheem asifabad,Sunflower,Rabi,1.98
Komaram bheem asifabad,Sweet potato,Rabi,11.64
Komaram bheem asifabad,Turmeric,Rabi,7.67
Komaram bheem asifabad,Turmeric,Kharif,6.03
Komaram bheem asifabad,Urad,Rabi,1.34
Komaram bheem asifabad,Urad,Kharif,0.66
Komaram bheem asifabad,Wheat,Rabi,1.83
Mahabubabad,Arhar/Tur,Rabi,0.88
Mahabubabad,Bajra,Rabi,2.29
Mahabubabad,Arhar/Tur,Kharif,0.75
Khammam,Soyabean,Kharif,1.4
Khammam,Soyabean,Rabi,1.2
Khammam,Sugarcane,Kharif,85.65
Khammam,Sweet potato,Kharif,7.5
Khammam,Tobacco,Kharif,2.52
Khammam,Sunflower,Rabi,1.83
Khammam,Sweet potato,Rabi,10.69
Khammam,Tobacco,Rabi,3.74
Khammam,Urad,Kharif,0.71
Khammam,Turmeric,Kharif,6.13
Khammam,Urad,Rabi,1.16
Khammam,other oilseeds,Kharif,19.97
Komaram bheem asifabad,Arhar/Tur,Kharif,1.06
Komaram bheem asifabad,Arhar/Tur,Rabi,0.96
Komaram bheem asifabad,Bajra,Kharif,1.44
Komaram bheem asifabad,Banana,Kharif,49.7
Komaram bheem asifabad,Cashewnut,Kharif,0.45
Khammam,Castor seed,Kharif,0.5
Khammam,Cowpea(Lobia),Kharif,0.67
Khammam,Castor seed,Rabi,1.67
Khammam,Cowpea(Lobia),Rabi,1.12
Khammam,Dry chillies,Kharif,5.28
Khammam,Ginger,Kharif,9.2
Khammam,Gram,Kharif,1.4
Khammam,Dry chillies,Rabi,3.91
Khammam,Ginger,Rabi,8.03
Khammam,Gram,Rabi,1.28
Adilabad,Arhar/Tur,Rabi,1.24
Adilabad,Bajra,Rabi,0.96
Nalgonda,Jowar,Rabi,1.37
Nalgonda,Maize,Rabi,6.47
Nalgonda,Moong(Green Gram),Rabi,1.06
Nalgonda,Oilseeds total,Rabi,1.04
Nalgonda,Maize,Kharif,2.86
Nalgonda,Moong(Green Gram),Kharif,0.57
Nalgonda,Oilseeds total,Kharif,1.77
Nalgonda,Onion,Kharif,16.0
Nalgonda,Onion,Rabi,29.15
Nalgonda,Ragi,Kharif,1.84
Nalgonda,Ragi,Rabi,2.0
Nalgonda,Rice,Kharif,3.08
Nalgonda,Rice,Rabi,3.23
Nalgonda,Safflower,Rabi,1.0
Nalgonda,Sesamum,Kharif,0.17
Nalgonda,Tobacco,Kharif,4.09
Nalgonda,Urad,Kharif,0.75
Nalgonda,Sesamum,Rabi,0.63
Nalgonda,Small millets,Kharif,1.16
Nalgonda,Soyabean,Kharif,1.44
Nalgonda,Sugarcane,Kharif,88.22
Nalgonda,Sunflower,Rabi,1.86
Nalgonda,Sweet potato,Rabi,11.5
Nalgonda,Tobacco,Rabi,4.23
Nalgonda,Turmeric,Kharif,6.31
Nalgonda,Urad,Rabi,1.17
Nalgonda,Wheat,Rabi,1.98
Nagarkurnool,Ragi,Rabi,1.4
Nagarkurnool,Rice,Rabi,2.92
Nagarkurnool,Safflower,Rabi,0.94
Nagarkurnool,Sesamum,Rabi,0.7
Nagarkurnool,Small millets,Rabi,1.27
Nagarkurnool,Soyabean,Kharif,1.39
Nagarkurnool,Sugarcane,Kharif,91.78
Nagarkurnool,Sunflower,Kharif,1.85
Nagarkurnool,Sunflower,Rabi,2.07
Nagarkurnool,Sweet potato,Kharif,12.0
Nagarkurnool,Sweet potato,Rabi,12.35
Nagarkurnool,Turmeric,Kharif,7.52
Nagarkurnool,Urad,Kharif,1.22
Nagarkurnool,Urad,Rabi,1.37
Nagarkurnool,Wheat,Kharif,2.0
Nagarkurnool,Wheat,Rabi,2.35
Nalgonda,Arhar/Tur,Kharif,0.57
Nalgonda,Arhar/Tur,Rabi,0.73
Nalgonda,Bajra,Kharif,0.82
Nalgonda,Bajra,Rabi,1.92
Nalgonda,Banana,Kharif,41.2
Nalgonda,Banana,Whole Year,31.18
Nalgonda,Cashewnut,Kharif,0.44
Nalgonda,Castor seed,Kharif,0.73
Medak,Turmeric,Kharif,5.29
Medak,Urad,Kharif,0.61
Medak,Wheat,Kharif,2.0
Medak,Tobacco,Rabi,2.97
Medak,Turmeric,Rabi,7.5
Medak,Urad,Rabi,1.13
Medak,Wheat,Rabi,1.72
Medak,other oilseeds,Kharif,1.52
Medchal,Arhar/Tur,Kharif,0.78
Medchal,Arhar/Tur,Rabi,1.0
Medchal,Bajra,Kharif,1.1
Medchal,Bajra,Rabi,2.13
Medchal,Banana,Kharif,49.7
Medchal,Cashewnut,Kharif,1.0
Medchal,Castor seed,Rabi,2.0
Medchal,Cowpea(Lobia),Rabi,0.85
Medchal,Castor seed,Kharif,0.8
Medchal,Cowpea(Lobia),Kharif,0.88
Medchal,Dry chillies,Kharif,3.67
Medchal,Dry chillies,Rabi,5.41
Medchal,Ginger,Rabi,9.4
Medchal,Gram,Rabi,1.44
Medchal,Groundnut,Rabi,2.2
Medchal,Horse-gram,Rabi,1.02
Medchal,Jowar,Rabi,1.94
Medchal,Maize,Rabi,7.28
Medchal,Groundnut,Kharif,2.17
Medchal,Horse-gram,Kharif,1.21
Medchal,Jowar,Kharif,1.0
Medchal,Maize,Kharif,2.99
Medchal,Moong(Green Gram),Kharif,0.71
Medchal,Moong(Green Gram),Rabi,1.0
Medchal,Onion,Rabi,30.1
Medchal,Potato,Rabi,18.19
Medchal,Ragi,Kharif,1.68
Medchal,Rice,Rabi,3.65
Medchal,Safflower,Rabi,1.0
Medchal,Sesamum,Rabi,0.72
Medchal,Rice,Kharif,3.42
Medchal,Safflower,Kharif,1.0
Medchal,Sesamum,Kharif,0.19
Medchal,Small millets,Rabi,0.5
Medchal,Small millets,Kharif,0.63
Medchal,Soyabean,Kharif,1.65
Mulugu,Turmeric,Kharif,7.17
Mulugu,Turmeric,Rabi,7.5
Mulugu,Urad,Rabi,1.22
Mulugu,Urad,Kharif,0.69
Mulugu,Wheat,Rabi,2.0
Nagarkurnool,Arhar/Tur,Kharif,0.66
Nagarkurnool,Arhar/Tur,Rabi,0.79
Nagarkurnool,Bajra,Kharif,0.74
Nagarkurnool,Bajra,Rabi,2.16
Nagarkurnool,Banana,Kharif,48.33
Nagarkurnool,Castor seed,Rabi,1.11
Nagarkurnool,Cowpea(Lobia),Rabi,0.98
Nagarkurnool,Dry chillies,Rabi,5.22
Nagarkurnool,Castor seed,Kharif,1.1
Nagarkurnool,Cowpea(Lobia),Kharif,0.77
Nagarkurnool,Dry chillies,Kharif,4.23
Nagarkurnool,Gram,Kharif,1.5
Nagarkurnool,Gram,Rabi,1.45
Nagarkurnool,Groundnut,Rabi,2.38
Nagarkurnool,Groundnut,Kharif,1.99
Nagarkurnool,Horse-gram,Kharif,1.12
Mulugu,Ginger,Kharif,9.0
Mulugu,Gram,Rabi,1.59
Mulugu,Groundnut,Kharif,2.2
Mulugu,Groundnut,Rabi,1.97
Mulugu,Horse-gram,Rabi,0.85
Mulugu,Jowar,Kharif,0.6
Mulugu,Jowar,Rabi,1.92
Mulugu,Maize,Rabi,8.71
Mulugu,Maize,Kharif,5.02
Mulugu,Moong(Green Gram),Kharif,0.72
Mulugu,Moong(Green Gram),Rabi,0.77
Mulugu,Onion,Rabi,30.26
Mulugu,Ragi,Kharif,1.5
Mulugu,Rice,Kharif,3.23
Mulugu,Rice,Rabi,3.45
Mulugu,Safflower,Rabi,1.0
Mulugu,Sesamum,Rabi,0.72
Mulugu,Soyabean,Rabi,1.5
Mulugu,Sunflower,Rabi,1.94
Mulugu,Tobacco,Rabi,4.03
Medchal,Sugarcane,Kharif,94.0
Medchal,Sunflower,Kharif,1.76
Medchal,Sunflower,Rabi,1.68
Medchal,Sweet potato,Kharif,9.0
Medchal,Turmeric,Kharif,7.0
Medchal,Urad,Kharif,0.71
Medchal,Urad,Rabi,1.66
Medchal,Wheat,Rabi,2.03
Mulugu,Arhar/Tur,Rabi,0.76
Mulugu,Bajra,Rabi,1.0
Mulugu,Banana,Kharif,48.63
Mulugu,Cashewnut,Kharif,0.43
Mulugu,Coriander,Rabi,1.0
Mulugu,Cowpea(Lobia),Rabi,1.03
Medchal,Wheat,Kharif,2.0
Mulugu,Arhar/Tur,Kharif,12.04
Mulugu,Cowpea(Lobia),Kharif,0.85
Mulugu,Dry chillies,Rabi,5.98
Mulugu,Dry chillies,Kharif,4.37
Nalgonda,Coriander,Rabi,0.63
Nalgonda,Castor seed,Rabi,0.84
Nalgonda,Coriander,Whole Year,0.48
Nalgonda,Cowpea(Lobia),Rabi,0.78
Nalgonda,Cowpea(Lobia),Kharif,0.75
Nalgonda,Dry chillies,Kharif,4.73
Nalgonda,Dry chillies,Rabi,4.54
Nalgonda,Ginger,Rabi,6.5
Nalgonda,Ginger,Kharif,6.79
Nalgonda,Gram,Kharif,2.0
Nalgonda,Groundnut,Kharif,1.9
Nalgonda,Horse-gram,Kharif,1.17
Nalgonda,Gram,Rabi,1.24
Nalgonda,Groundnut,Rabi,1.73
Nalgonda,Horse-gram,Rabi,1.02
Nalgonda,Jowar,Kharif,0.77
Nagarkurnool,Horse-gram,Rabi,1.01
Nagarkurnool,Jowar,Kharif,0.97
Nagarkurnool,Jowar,Rabi,1.66
Nagarkurnool,Maize,Kharif,2.6
Nagarkurnool,Moong(Green Gram),Kharif,0.61
Nagarkurnool,Onion,Kharif,16.79
Nagarkurnool,Potato,Kharif,12.0
Nagarkurnool,Maize,Rabi,6.45
Nagarkurnool,Moong(Green Gram),Rabi,1.0
Nagarkurnool,Onion,Rabi,30.1
Nagarkurnool,Potato,Rabi,15.74
Nagarkurnool,Ragi,Kharif,1.29
Nagarkurnool,Rice,Kharif,2.77
Nagarkurnool,Sesamum,Kharif,0.16
Nagarkurnool,Small millets,Kharif,1.39
Siddipet,Castor seed,Kharif,0.85
Siddipet,Coriander,Kharif,1.26
Siddipet,Cowpea(Lobia),Kharif,0.98
Siddipet,Dry chillies,Kharif,4.52
Siddipet,Ginger,Kharif,8.19
Siddipet,Gram,Kharif,1.04
Siddipet,Groundnut,Kharif,1.94
Siddipet,Horse-gram,Kharif,1.16
Siddipet,Jowar,Kharif,0.92
Siddipet,Maize,Kharif,3.83
Siddipet,Moong(Green Gram),Kharif,0.64
Siddipet,Onion,Kharif,17.68
Siddipet,Potato,Kharif,18.49
Siddipet,Castor seed,Rabi,0.96
Siddipet,Coriander,Rabi,0.91
Siddipet,Cowpea(Lobia),Rabi,0.99
Siddipet,Dry chillies,Rabi,5.56
Siddipet,Garlic,Rabi,3.4
Siddipet,Ginger,Rabi,8.12
Siddipet,Gram,Rabi,1.68
Siddipet,Groundnut,Rabi,1.88
Siddipet,Horse-gram,Rabi,1.06
Siddipet,Jowar,Rabi,2.32
Siddipet,Maize,Rabi,6.01
Siddipet,Moong(Green Gram),Rabi,0.92
Siddipet,Onion,Rabi,18.44
Siddipet,Potato,Rabi,18.57
Siddipet,Ragi,Kharif,1.59
Siddipet,Rice,Kharif,3.41
Rangareddi,Ragi,Rabi,1.62
Rangareddi,Rice,Rabi,2.84
Rangareddi,Safflower,Rabi,1.06
Rangareddi,Ragi,Kharif,1.59
Rangareddi,Rice,Kharif,2.96
Rangareddi,Safflower,Kharif,1.31
Rangareddi,Sesamum,Kharif,0.14
Rangareddi,Soyabean,Kharif,1.4
Rangareddi,Sunflower,Kharif,2.02
Rangareddi,Sesamum,Rabi,0.76
Rangareddi,Small millets,Kharif,1.13
Rangareddi,Soyabean,Rabi,1.37
Rangareddi,Sugarcane,Kharif,77.29
Rangareddi,Sunflower,Rabi,1.86
Rangareddi,Sweet potato,Kharif,8.83
Rangareddi,Sweet potato,Rabi,11.19
Rangareddi,Sweet potato,Whole Year,8.74
Rangareddi,Turmeric,Kharif,5.62
Rangareddi,Urad,Rabi,1.37
Rangareddi,Urad,Kharif,0.79
Rangareddi,Wheat,Kharif,1.52
Rangareddi,Wheat,Rabi,2.28
Rangareddi,other oilseeds,Kharif,0.33
Rajanna,Turmeric,Rabi,7.38
Rajanna,Urad,Rabi,1.69
Rajanna,Wheat,Rabi,2.25
Rajanna,Turmeric,Kharif,7.17
Rajanna,Urad,Kharif,0.76
Rangareddi,Arhar/Tur,Kharif,0.51
Rangareddi,Bajra,Kharif,0.86
Rangareddi,Arhar/Tur,Rabi,0.71
Rangareddi,Bajra,Rabi,2.09
Rangareddi,Banana,Kharif,49.76
Rangareddi,Banana,Whole Year,31.14
Rangareddi,Cashewnut,Kharif,0.33
Rangareddi,Castor seed,Kharif,0.41
Rangareddi,Castor seed,Rabi,0.87
Rangareddi,Coriander,Kharif,0.76
Rangareddi,Coriander,Whole Year,0.42
Rangareddi,Cowpea(Lobia),Rabi,1.7
Rangareddi,Dry chillies,Rabi,4.56
Rangareddi,Coriander,Rabi,0.76
Rangareddi,Cowpea(Lobia),Kharif,0.75
Rangareddi,Dry chillies,Kharif,4.54
Rajanna,Banana,Kharif,38.12
Rajanna,Castor seed,Rabi,0.97
Rajanna,Castor seed,Kharif,0.85
Rajanna,Coriander,Kharif,1.0
Rajanna,Coriander,Rabi,0.88
Rajanna,Cowpea(Lobia),Rabi,1.42
Rajanna,Cowpea(Lobia),Kharif,0.6
Rajanna,Dry chillies,Rabi,5.08
Rajanna,Garlic,Rabi,4.0
Rajanna,Ginger,Kharif,9.0
Rajanna,Gram,Rabi,1.41
Rajanna,Groundnut,Rabi,2.29
Rajanna,Dry chillies,Kharif,4.39
Rajanna,Groundnut,Kharif,2.01
Rajanna,Horse-gram,Kharif,1.25
Rajanna,Horse-gram,Rabi,0.96
Rajanna,Jowar,Kharif,0.98
Rajanna,Maize,Kharif,5.01
Rajanna,Moong(Green Gram),Kharif,0.61
Rajanna,Jowar,Rabi,2.3
Rajanna,Maize,Rabi,6.21
Rajanna,Moong(Green Gram),Rabi,0.9
Sangareddy,Groundnut,Rabi,1.74
Sangareddy,Horse-gram,Rabi,1.06
Sangareddy,Groundnut,Kharif,2.24
Sangareddy,Horse-gram,Kharif,0.96
Sangareddy,Jowar,Kharif,0.66
Sangareddy,Jowar,Rabi,1.69
Sangareddy,Maize,Kharif,3.54
Sangareddy,Maize,Rabi,3.87
Sangareddy,Moong(Green Gram),Kharif,0.74
Sangareddy,Moong(Green Gram),Rabi,0.98
Sangareddy,Onion,Rabi,37.03
Sangareddy,Potato,Rabi,16.84
Sangareddy,Onion,Kharif,11.89
Sangareddy,Potato,Kharif,19.2
Sangareddy,Ragi,Kharif,1.47
Sangareddy,Ragi,Rabi,1.26
Sangareddy,Rice,Rabi,3.72
Sangareddy,Rice,Kharif,3.55
Sangareddy,Safflower,Rabi,0.66
Sangareddy,Sesamum,Rabi,0.69
Sangareddy,Sesamum,Kharif,0.2
Sangareddy,Small millets,Kharif,1.12
Sangareddy,Soyabean,Kharif,1.3
Sangareddy,Sunflower,Kharif,1.85
Sangareddy,Turmeric,Kharif,4.76
Sangareddy,Urad,Kharif,0.76
Sangareddy,Wheat,Kharif,2.0
Sangareddy,Small millets,Rabi,1.0
Sangareddy,Soyabean,Rabi,1.55
Sangareddy,Sugarcane,Kharif,87.56
Sangareddy,Sunflower,Rabi,2.04
Sangareddy,Sweet potato,Rabi,12.14
Sangareddy,Tobacco,Rabi,3.39
Sangareddy,Turmeric,Rabi,7.52
Sangareddy,Urad,Rabi,1.62
Sangareddy,Wheat,Rabi,1.73
Siddipet,Arhar/Tur,Rabi,0.94
Siddipet,Bajra,Rabi,2.27
Siddipet,Arhar/Tur,Kharif,0.78
Siddipet,Bajra,Kharif,1.13
Siddipet,Banana,Kharif,49.78
Siddipet,Cashewnut,Kharif,0.76
Rangareddi,Ginger,Kharif,11.43
Rangareddi,Gram,Kharif,1.41
Rangareddi,Groundnut,Kharif,1.35
Rangareddi,Horse-gram,Kharif,0.94
Rangareddi,Jowar,Kharif,1.04
Rangareddi,Maize,Kharif,2.3
Rangareddi,Moong(Green Gram),Kharif,0.65
Rangareddi,Ginger,Rabi,9.0
Rangareddi,Gram,Rabi,1.25
Rangareddi,Groundnut,Rabi,2.65
Rangareddi,Horse-gram,Rabi,0.99
Rangareddi,Jowar,Rabi,1.83
Rangareddi,Maize,Rabi,5.1
Rangareddi,Moong(Green Gram),Rabi,0.88
Rangareddi,Oilseeds total,Rabi,1.16
Rangareddi,Onion,Rabi,22.02
Rangareddi,Potato,Kharif,18.14
Rangareddi,Potato,Whole Year,16.67
Rangareddi,Oilseeds total,Kharif,0.8
Rangareddi,Onion,Kharif,15.74
Rangareddi,Potato,Rabi,18.19
Sangareddy,Arhar/Tur,Rabi,0.97
Sangareddy,Arhar/Tur,Kharif,0.74
Sangareddy,Bajra,Kharif,0.61
Sangareddy,Bajra,Rabi,0.68
Sangareddy,Banana,Kharif,50.74
Sangareddy,Castor seed,Kharif,0.95
Sangareddy,Coriander,Kharif,0.71
Sangareddy,Cashewnut,Kharif,0.67
Sangareddy,Castor seed,Rabi,0.99
Sangareddy,Coriander,Rabi,0.73
Sangareddy,Cowpea(Lobia),Rabi,0.83
Sangareddy,Dry chillies,Rabi,5.71
Sangareddy,Cowpea(Lobia),Kharif,0.84
Sangareddy,Dry chillies,Kharif,4.45
Sangareddy,Garlic,Kharif,3.0
Sangareddy,Ginger,Kharif,8.08
Sangareddy,Garlic,Rabi,2.36
Sangareddy,Ginger,Rabi,9.18
Sangareddy,Gram,Rabi,1.33
Rajanna,Onion,Rabi,30.09
Rajanna,Potato,Rabi,24.0
Rajanna,Onion,Kharif,17.63
Rajanna,Ragi,Kharif,2.0
Rajanna,Ragi,Rabi,1.5
Rajanna,Rice,Kharif,3.69
Rajanna,Rice,Rabi,3.79
Rajanna,Safflower,Rabi,1.0
Rajanna,Sesamum,Rabi,0.62
Rajanna,Small millets,Rabi,1.0
Rajanna,Soyabean,Rabi,1.75
Rajanna,Sugarcane,Kharif,89.26
Rajanna,Safflower,Kharif,1.0
Rajanna,Soyabean,Kharif,1.76
Rajanna,Sunflower,Rabi,2.04
Rajanna,Tobacco,Rabi,3.0
Adilabad,Banana,Kharif,49.97
Adilabad,Cashewnut,Kharif,0.61
Adilabad,Castor seed,Kharif,0.85
Adilabad,Coriander,Rabi,1.33
Adilabad,Castor seed,Rabi,0.97
Adilabad,Coriander,Kharif,1.0
Adilabad,Coriander,Whole Year,0.49
Adilabad,Cowpea(Lobia),Kharif,0.88
Adilabad,Cowpea(Lobia),Rabi,1.7
Adilabad,Dry chillies,Kharif,3.9
Adilabad,Dry chillies,Rabi,4.49
Adilabad,Garlic,Rabi,3.0
Adilabad,Ginger,Rabi,9.0
Adilabad,Garlic,Kharif,4.0
Adilabad,Ginger,Kharif,7.89
Adilabad,Gram,Kharif,1.5
Adilabad,Groundnut,Kharif,1.79
Adilabad,Gram,Rabi,1.54
Adilabad,Groundnut,Rabi,2.11
Adilabad,Horse-gram,Rabi,0.43
Adilabad,Jowar,Rabi,1.77
Adilabad,Jowar,Kharif,0.81
Adilabad,Maize,Kharif,3.78
Adilabad,Moong(Green Gram),Kharif,0.62
Adilabad,Linseed,Rabi,0.49
Adilabad,Maize,Rabi,7.19
Adilabad,Moong(Green Gram),Rabi,0.83
Adilabad,Oilseeds total,Kharif,1.0
Adilabad,Oilseeds total,Rabi,0.83
Adilabad,Onion,Kharif,17.71
Adilabad,Onion,Rabi,30.1
Adilabad,Other Kharif pulses,Kharif,0.29
Adilabad,Other Rabi pulses,Rabi,0.27
Adilabad,Potato,Rabi,10.0
Adilabad,Ragi,Rabi,0.82
Adilabad,Rapeseed &Mustard,Rabi,1.19
Adilabad,Rice,Rabi,3.4
Adilabad,Safflower,Rabi,0.89
Adilabad,Rice,Kharif,2.97
Adilabad,Sesamum,Kharif,0.14
Adilabad,Sesamum,Rabi,0.54
Adilabad,Small millets,Rabi,1.0
Adilabad,Soyabean,Rabi,1.46
Adilabad,Sugarcane,Kharif,87.82
Adilabad,Sunflower,Rabi,2.72
Adilabad,Sweet potato,Rabi,11.06
Adilabad,Tobacco,Rabi,3.21
Adilabad,Small millets,Kharif,1.72
Adilabad,Soyabean,Kharif,1.34
Adilabad,Tobacco,Kharif,3.78
Adilabad,Turmeric,Kharif,6.05
Adilabad,Urad,Kharif,0.62
Adilabad,Turmeric,Rabi,7.0
Adilabad,Urad,Rabi,1.16
Adilabad,Wheat,Kharif,2.05
Adilabad,Wheat,Rabi,2.61
Bhadradri,Arhar/Tur,Kharif,0.86
Bhadradri,Arhar/Tur,Rabi,0.87
Bhadradri,Bajra,Rabi,0.93
Bhadradri,Banana,Kharif,46.61
Bhadradri,Cashewnut,Kharif,0.43
Bhadradri,Castor seed,Rabi,1.0
Bhadradri,Cowpea(Lobia),Kharif,0.91
Bhadradri,Dry chillies,Kharif,6.17
Bhadradri,Cowpea(Lobia),Rabi,1.13
Bhadradri,Dry chillies,Rabi,7.36
Bhadradri,Ginger,Kharif,9.0
Bhadradri,Gram,Rabi,1.73
Bhadradri,Groundnut,Rabi,3.53
Bhadradri,Horse-gram,Rabi,1.91
Bhadradri,Jowar,Rabi,1.88
Bhadradri,Groundnut,Kharif,2.23
Bhadradri,Jowar,Kharif,0.93
Bhadradri,Maize,Kharif,3.92
Bhadradri,Maize,Rabi,7.32
Bhadradri,Moong(Green Gram),Kharif,0.46
Bhadradri,Moong(Green Gram),Rabi,0.9
Bhadradri,Onion,Rabi,30.17
Bhadradri,Ragi,Rabi,1.67
Bhadradri,Rice,Rabi,2.87
Bhadradri,Onion,Kharif,16.0
Bhadradri,Ragi,Kharif,1.5
Bhadradri,Rice,Kharif,3.38
Bhadradri,Safflower,Rabi,1.0
Bhadradri,Sesamum,Rabi,0.69
Bhadradri,Small millets,Rabi,1.0
Bhadradri,Soyabean,Rabi,2.0
Bhadradri,Sugarcane,Kharif,80.51
Bhadradri,Sunflower,Rabi,2.04
Bhadradri,Sweet potato,Rabi,9.45
Bhadradri,Sesamum,Kharif,0.31
Bhadradri,Small millets,Kharif,1.26
Bhadradri,Soyabean,Kharif,1.34
Bhadradri,Tobacco,Kharif,3.0
Bhadradri,Turmeric,Kharif,6.87
Bhadradri,Tobacco,Rabi,2.64
Bhadradri,Turmeric,Rabi,6.77
Bhadradri,Urad,Rabi,1.38
Bhadradri,Wheat,Rabi,2.0
Bhadradri,Urad,Kharif,1.42
Jagitial,Arhar/Tur,Kharif,1.16
Jagitial,Arhar/Tur,Rabi,1.4
Jagitial,Bajra,Rabi,1.93
Jagitial,Banana,Kharif,49.73
Jagitial,Castor seed,Kharif,1.0
Jagitial,Coriander,Rabi,1.0
Jagitial,Cowpea(Lobia),Rabi,1.43
Jagitial,Dry chillies,Rabi,5.1
Jagitial,Garlic,Rabi,3.52
Jagitial,Ginger,Kharif,9.5
Jagitial,Cowpea(Lobia),Kharif,0.59
Jagitial,Dry chillies,Kharif,2.15
Jagitial,Gram,Rabi,1.69
Jagitial,Groundnut,Rabi,1.58
Jagitial,Horse-gram,Rabi,0.71
Jagitial,Jowar,Rabi,1.94
Jagitial,Maize,Rabi,6.5
Jagitial,Groundnut,Kharif,2.2
Jagitial,Horse-gram,Kharif,1.0
Jagitial,Jowar,Kharif,0.88
Jagitial,Maize,Kharif,5.55
Jagitial,Moong(Green Gram),Rabi,0.97
Jagitial,Onion,Rabi,30.11
Jagitial,Potato,Rabi,24.0
Jagitial,Rice,Rabi,3.91
Jagitial,Safflower,Rabi,1.0
Jagitial,Sesamum,Rabi,0.71
Jagitial,Soyabean,Rabi,2.0
Jagitial,Sugarcane,Kharif,69.78
Jagitial,Sunflower,Rabi,2.74
Jagitial,Sweet potato,Kharif,12.0
Jagitial,Moong(Green Gram),Kharif,0.69
Jagitial,Onion,Kharif,17.86
Jagitial,Rice,Kharif,3.62
Jagitial,Soyabean,Kharif,1.66
Jagitial,Turmeric,Kharif,10.19
Jagitial,Urad,Kharif,0.88
Jangoan,Arhar/Tur,Kharif,0.78
Jagitial,Urad,Rabi,1.03
Jagitial,Wheat,Rabi,2.01
Jangoan,Arhar/Tur,Rabi,0.82
Jangoan,Bajra,Kharif,1.0
Jangoan,Banana,Kharif,48.28
Jangoan,Castor seed,Rabi,1.42
Jangoan,Coriander,Rabi,0.84
Jangoan,Cowpea(Lobia),Rabi,0.91
Jangoan,Dry chillies,Rabi,4.33
Jangoan,Ginger,Rabi,9.17
Jangoan,Gram,Rabi,1.13
Jangoan,Castor seed,Kharif,0.84
Jangoan,Coriander,Kharif,1.0
Jangoan,Cowpea(Lobia),Kharif,0.85
Jangoan,Dry chillies,Kharif,5.24
Jangoan,Ginger,Kharif,6.6
Jangoan,Gram,Kharif,1.0
Jangoan,Groundnut,Kharif,2.68
Jangoan,Horse-gram,Kharif,1.09
Jangoan,Groundnut,Rabi,1.63
Jangoan,Horse-gram,Rabi,1.1
Jangoan,Jowar,Kharif,0.93
Jangoan,Maize,Kharif,5.0
Jangoan,Moong(Green Gram),Kharif,0.48
Jangoan,Jowar,Rabi,1.88
Jangoan,Maize,Rabi,6.76
Jangoan,Moong(Green Gram),Rabi,0.61
Jangoan,Onion,Rabi,30.1
Jangoan,Ragi,Kharif,1.67
Jangoan,Rice,Rabi,3.0
Jangoan,Safflower,Rabi,0.99
Jangoan,Onion,Kharif,16.84
Jangoan,Rice,Kharif,2.99
Jangoan,Safflower,Kharif,1.0
Jangoan,Sesamum,Rabi,0.7
Jangoan,Small millets,Rabi,1.0
Jangoan,Soyabean,Rabi,1.75
Jangoan,Sugarcane,Kharif,87.6
Jangoan,Sunflower,Rabi,2.12
Jangoan,Sesamum,Kharif,0.25
Jangoan,Small millets,Kharif,1.21
Jangoan,Soyabean,Kharif,1.46
Jangoan,Sunflower,Kharif,1.85
Jangoan,Sweet potato,Kharif,10.55
Jangoan,Sweet potato,Rabi,10.91
Jangoan,Tobacco,Kharif,3.66
Jangoan,Turmeric,Kharif,6.98
Jangoan,Urad,Kharif,0.81
Jangoan,Wheat,Kharif,2.0
Jangoan,Tobacco,Rabi,3.41
Jangoan,Turmeric,Rabi,7.0
Jangoan,Urad,Rabi,1.36
Jangoan,Wheat,Rabi,2.52
Jayashankar,Arhar/Tur,Rabi,0.78
Jayashankar,Arhar/Tur,Kharif,0.74
Jayashankar,Bajra,Kharif,1.0
Jayashankar,Bajra,Rabi,1.0
Jayashankar,Banana,Kharif,49.73
Jayashankar,Cashewnut,Kharif,0.37
Jayashankar,Castor seed,Rabi,1.38
Jayashankar,Castor seed,Kharif,1.0
Jayashankar,Coriander,Rabi,0.83
Jayashankar,Cowpea(Lobia),Rabi,0.91
Jayashankar,Dry chillies,Rabi,5.41
Jayashankar,Gram,Rabi,1.47
Jayashankar,Groundnut,Rabi,1.93
Jayashankar,Horse-gram,Rabi,0.76
Jayashankar,Jowar,Rabi,2.1
Jayashankar,Maize,Rabi,7.93
Jayashankar,Cowpea(Lobia),Kharif,0.67
Jayashankar,Dry chillies,Kharif,6.27
Jayashankar,Gram,Kharif,1.33
Jayashankar,Groundnut,Kharif,2.68
Jayashankar,Horse-gram,Kharif,1.8
Jayashankar,Jowar,Kharif,0.64
Jayashankar,Maize,Kharif,5.67
Jayashankar,Moong(Green Gram),Rabi,0.91
Jayashankar,Onion,Rabi,30.1
Jayashankar,Ragi,Rabi,0.94
Jayashankar,Moong(Green Gram),Kharif,0.65
Jayashankar,Ragi,Kharif,1.54
Jayashankar,Rice,Kharif,3.08
Jayashankar,Sesamum,Kharif,0.18
Jayashankar,Rice,Rabi,3.38
Jayashankar,Sesamum,Rabi,0.68
Jayashankar,Small millets,Kharif,1.7
Jayashankar,Small millets,Rabi,1.0
Jayashankar,Soyabean,Kharif,1.6
Jayashankar,Soyabean,Rabi,1.5
Jayashankar,Sugarcane,Kharif,84.0
Jayashankar,Sunflower,Rabi,2.13
Jayashankar,Tobacco,Rabi,3.36
Jayashankar,Turmeric,Rabi,7.33
Jayashankar,Urad,Rabi,1.3
Jayashankar,Sunflower,Kharif,3.0
Jayashankar,Tobacco,Kharif,3.84
Jayashankar,Turmeric,Kharif,6.87
Jayashankar,Urad,Kharif,0.87
Jayashankar,Wheat,Rabi,2.0
Jogulamba,Arhar/Tur,Kharif,0.6
Jogulamba,Bajra,Kharif,1.02
Jogulamba,Castor seed,Kharif,0.84
Jogulamba,Cowpea(Lobia),Kharif,0.85
Jogulamba,Dry chillies,Kharif,3.46
Jogulamba,Arhar/Tur,Rabi,0.75
Jogulamba,Bajra,Rabi,2.15
Jogulamba,Banana,Kharif,49.71
Jogulamba,Castor seed,Rabi,0.92
Jogulamba,Coriander,Rabi,0.59
Jogulamba,Cowpea(Lobia),Rabi,1.45
Jogulamba,Dry chillies,Rabi,4.01
Jogulamba,Groundnut,Kharif,1.94
Jogulamba,Horse-gram,Kharif,1.01
Jogulamba,Gram,Rabi,1.07
Jogulamba,Groundnut,Rabi,2.45
Jogulamba,Horse-gram,Rabi,1.02
Jogulamba,Jowar,Rabi,2.03
Jogulamba,Jowar,Kharif,0.93
Jogulamba,Maize,Kharif,3.44
Jogulamba,Moong(Green Gram),Kharif,0.55
Jogulamba,Onion,Kharif,14.62
Jogulamba,Rice,Kharif,2.86
Jogulamba,Maize,Rabi,5.22
Jogulamba,Moong(Green Gram),Rabi,0.96
Jogulamba,Onion,Rabi,27.91
Jogulamba,Ragi,Kharif,1.59
Jogulamba,Rice,Rabi,2.87
Jogulamba,Safflower,Rabi,1.0
Jogulamba,Sesamum,Rabi,0.64
Jogulamba,Small millets,Rabi,0.96
Jogulamba,Sesamum,Kharif,0.25
Jogulamba,Small millets,Kharif,0.97
Jogulamba,Soyabean,Kharif,1.47
Jogulamba,Sunflower,Kharif,1.75
Jogulamba,Tobacco,Kharif,2.23
Jogulamba,Soyabean,Rabi,1.53
Jogulamba,Sugarcane,Kharif,72.82
Jogulamba,Sunflower,Rabi,2.1
Jogulamba,Tobacco,Rabi,2.24
Jogulamba,Urad,Kharif,0.85
Kamareddy,Arhar/Tur,Kharif,1.01
Jogulamba,Urad,Rabi,1.37
Jogulamba,Wheat,Rabi,2.22
Kamareddy,Arhar/Tur,Rabi,1.14
Kamareddy,Bajra,Rabi,0.9
Kamareddy,Banana,Kharif,49.75
Kamareddy,Cashewnut,Kharif,0.5
Kamareddy,Bajra,Kharif,0.83
Kamareddy,Castor seed,Kharif,0.71
Kamareddy,Coriander,Kharif,1.0
Kamareddy,Castor seed,Rabi,1.0
Kamareddy,Coriander,Rabi,0.75
Kamareddy,Cowpea(Lobia),Kharif,0.66
Kamareddy,Dry chillies,Kharif,5.13
Kamareddy,Cowpea(Lobia),Rabi,0.9
Kamareddy,Dry chillies,Rabi,6.24
Kamareddy,Garlic,Rabi,4.5
Kamareddy,Ginger,Kharif,9.21
Kamareddy,Ginger,Rabi,9.0
Kamareddy,Gram,Rabi,1.55
Kamareddy,Groundnut,Kharif,1.91
Kamareddy,Horse-gram,Kharif,1.0
Kamareddy,Jowar,Kharif,0.89
Kamareddy,Groundnut,Rabi,1.85
Kamareddy,Horse-gram,Rabi,1.16
Kamareddy,Jowar,Rabi,2.77
Kamareddy,Maize,Kharif,5.32
Kamareddy,Maize,Rabi,6.5
Kamareddy,Moong(Green Gram),Rabi,0.92
Kamareddy,Onion,Rabi,24.94
Kamareddy,Moong(Green Gram),Kharif,0.84
Kamareddy,Onion,Kharif,16.69
Kamareddy,Potato,Rabi,18.19
Kamareddy,Ragi,Kharif,1.52
Kamareddy,Rice,Rabi,3.95
Kamareddy,Rice,Kharif,3.79
Kamareddy,Sesamum,Kharif,0.17
Kamareddy,Soyabean,Kharif,1.53
Kamareddy,Safflower,Rabi,0.62
Kamareddy,Sesamum,Rabi,0.48
Kamareddy,Small millets,Kharif,1.35
Kamareddy,Soyabean,Rabi,1.4
Kamareddy,Sugarcane,Kharif,86.13
Kamareddy,Sunflower,Rabi,2.04
Kamareddy,Sweet potato,Rabi,9.49
Kamareddy,Sunflower,Kharif,1.36
Kamareddy,Tobacco,Rabi,3.78
Kamareddy,Tobacco,Kharif,2.64
Kamareddy,Turmeric,Kharif,6.66
Kamareddy,Turmeric,Rabi,7.71
Kamareddy,Urad,Rabi,1.43
Kamareddy,Wheat,Rabi,1.69
Karimnagar,Arhar/Tur,Rabi,0.58
Kamareddy,Urad,Kharif,0.89
Karimnagar,Arhar/Tur,Kharif,0.69
Karimnagar,Bajra,Rabi,0.97
Karimnagar,Banana,Whole Year,31.14
Karimnagar,Bajra,Kharif,1.0
Karimnagar,Banana,Kharif,49.98
Karimnagar,Castor seed,Kharif,0.69
Karimnagar,Castor seed,Rabi,0.96
Karimnagar,Coriander,Kharif,0.75
Karimnagar,Coriander,Whole Year,0.49
Karimnagar,Cowpea(Lobia),Rabi,1.44
Karimnagar,Dry chillies,Rabi,5.1
Karimnagar,Coriander,Rabi,0.7
Karimnagar,Cowpea(Lobia),Kharif,0.83
Karimnagar,Dry chillies,Kharif,4.34
Karimnagar,Ginger,Kharif,7.81
Karimnagar,Gram,Kharif,1.35
Karimnagar,Groundnut,Kharif,1.72
Karimnagar,Horse-gram,Kharif,1.23
Karimnagar,Garlic,Rabi,3.76
Karimnagar,Ginger,Rabi,6.5
Karimnagar,Gram,Rabi,1.28
Karimnagar,Groundnut,Rabi,2.1
Karimnagar,Horse-gram,Rabi,1.22
Karimnagar,Jowar,Kharif,0.76
Karimnagar,Jowar,Rabi,2.31
Karimnagar,Maize,Kharif,5.2
Karimnagar,Moong(Green Gram),Kharif,0.59
Karimnagar,Maize,Rabi,6.64
Karimnagar,Moong(Green Gram),Rabi,0.6
Karimnagar,Oilseeds total,Rabi,1.09
Karimnagar,Onion,Rabi,30.12
Karimnagar,Other Kharif pulses,Kharif,0.4
Karimnagar,Oilseeds total,Kharif,1.27
Karimnagar,Onion,Kharif,17.8
Karimnagar,Other Rabi pulses,Rabi,1.61
Karimnagar,Rapeseed &Mustard,Rabi,1.37
Karimnagar,Rice,Rabi,3.76
Karimnagar,Safflower,Rabi,1.0
Karimnagar,Sesamum,Rabi,0.56
Karimnagar,Small millets,Kharif,1.12
Karimnagar,Rice,Kharif,3.36
Karimnagar,Sesamum,Kharif,0.22
Karimnagar,Soyabean,Kharif,1.56
Karimnagar,Soyabean,Rabi,1.67
Karimnagar,Sugarcane,Kharif,80.31
Karimnagar,Sunflower,Rabi,2.04
Karimnagar,Sunflower,Kharif,3.03
Karimnagar,Sweet potato,Kharif,9.57
Karimnagar,Sweet potato,Rabi,11.14
Karimnagar,Tobacco,Kharif,4.02
Karimnagar,Tobacco,Rabi,3.78
Karimnagar,Turmeric,Rabi,7.0
Karimnagar,Urad,Rabi,2.0
Karimnagar,Wheat,Rabi,2.0
Khammam,Arhar/Tur,Rabi,0.84
Khammam,Bajra,Rabi,1.0
Khammam,Banana,Whole Year,31.14
Khammam,Cashewnut,Kharif,0.49
Karimnagar,Turmeric,Kharif,6.79
Karimnagar,Urad,Kharif,0.74
Khammam,Arhar/Tur,Kharif,0.59
Khammam,Bajra,Kharif,1.0
Khammam,Banana,Kharif,49.74
Mahabubabad,Sweet potato,Rabi,9.35
Mahabubabad,Tobacco,Rabi,3.24
Mahabubabad,Turmeric,Rabi,5.0
Mahabubabad,Urad,Rabi,1.27
Mahabubabad,Wheat,Rabi,2.0
Mahbubnagar,Arhar/Tur,Rabi,0.49
Mahbubnagar,Bajra,Kharif,1.08
Mahbubnagar,Banana,Kharif,56.54
Mahbubnagar,Castor seed,Rabi,0.76
Mahbubnagar,Coriander,Rabi,1.0
Mahabubabad,Sesamum,Kharif,0.21
Mahabubabad,Sunflower,Kharif,1.5
Mahabubabad,Sweet potato,Kharif,9.49
Mahabubabad,Tobacco,Kharif,1.2
Mahabubabad,Turmeric,Kharif,6.26
Mahabubabad,Urad,Kharif,0.8
Mahbubnagar,Arhar/Tur,Kharif,0.56
Mahbubnagar,Castor seed,Kharif,0.64
Mahbubnagar,Cowpea(Lobia),Kharif,0.64
Mahbubnagar,Cowpea(Lobia),Rabi,1.7
Mahbubnagar,Dry chillies,Rabi,4.4
Mahbubnagar,Garlic,Rabi,4.0
Mahbubnagar,Dry chillies,Kharif,3.79
Mahbubnagar,Ginger,Kharif,8.0
Mahbubnagar,Gram,Rabi,1.09
Mahbubnagar,Groundnut,Rabi,2.29
Mahbubnagar,Horse-gram,Rabi,1.07
Mahbubnagar,Groundnut,Kharif,2.09
Mahbubnagar,Horse-gram,Kharif,0.94
Mahbubnagar,Jowar,Kharif,0.91
Mahbubnagar,Jowar,Rabi,1.75
Mahbubnagar,Maize,Rabi,5.97
Mahbubnagar,Moong(Green Gram),Rabi,0.8
Mahbubnagar,Oilseeds total,Rabi,1.6
Mahbubnagar,Sweet potato,Kharif,7.0
Mahbubnagar,Tobacco,Kharif,1.83
Mahbubnagar,Turmeric,Kharif,6.24
Mahbubnagar,Urad,Kharif,0.71
Mahbubnagar,Wheat,Kharif,1.0
Mancherial,Arhar/Tur,Kharif,0.84
Mahbubnagar,Sweet potato,Rabi,12.0
Mahbubnagar,Tobacco,Rabi,1.83
Mahbubnagar,Turmeric,Rabi,8.0
Mahbubnagar,Urad,Rabi,1.23
Mahbubnagar,Wheat,Rabi,1.85
Mancherial,Arhar/Tur,Rabi,0.89
Mancherial,Cashewnut,Kharif,0.58
Mancherial,Castor seed,Kharif,0.4
Mancherial,Castor seed,Rabi,0.33
Mancherial,Coriander,Rabi,1.04
Mancherial,Cowpea(Lobia),Rabi,0.92
Mancherial,Cowpea(Lobia),Kharif,0.68
Mancherial,Dry chillies,Kharif,7.44
Mancherial,Groundnut,Kharif,1.8
Mancherial,Dry chillies,Rabi,5.59
Mancherial,Garlic,Rabi,4.0
Mancherial,Gram,Rabi,1.49
Mancherial,Groundnut,Rabi,2.77
Mancherial,Turmeric,Kharif,6.02
Mancherial,Urad,Rabi,1.41
Mancherial,Wheat,Rabi,2.08
Medak,Arhar/Tur,Rabi,0.66
Medak,Bajra,Rabi,2.12
Medak,Banana,Whole Year,31.14
Medak,Cashewnut,Kharif,1.0
Medak,Castor seed,Rabi,0.98
Mancherial,Urad,Kharif,0.79
Medak,Arhar/Tur,Kharif,0.81
Medak,Bajra,Kharif,0.89
Medak,Banana,Kharif,49.69
Medak,Castor seed,Kharif,0.85
Medak,Coriander,Rabi,0.7
Medak,Cowpea(Lobia),Kharif,0.79
Medak,Coriander,Kharif,1.0
Medak,Coriander,Whole Year,0.49
Medak,Cowpea(Lobia),Rabi,1.09
Medak,Dry chillies,Rabi,4.45
Medak,Garlic,Rabi,4.8
Medak,Ginger,Rabi,9.0
Medak,Dry chillies,Kharif,3.22
Medak,Ginger,Kharif,8.06
Mahabubabad,Banana,Kharif,49.73
Mahabubabad,Castor seed,Kharif,0.5
Mahabubabad,Cowpea(Lobia),Rabi,0.83
Mahabubabad,Dry chillies,Rabi,5.57
Mahabubabad,Ginger,Kharif,9.0
Mahabubabad,Gram,Rabi,1.41
Mahabubabad,Groundnut,Rabi,1.68
Mahabubabad,Horse-gram,Rabi,1.17
Mahabubabad,Cowpea(Lobia),Kharif,0.75
Mahabubabad,Dry chillies,Kharif,3.33
Mahabubabad,Groundnut,Kharif,2.69
Mahabubabad,Jowar,Kharif,0.84
Mahabubabad,Maize,Kharif,4.59
Mahabubabad,Jowar,Rabi,0.98
Mahabubabad,Maize,Rabi,6.29
Mahabubabad,Moong(Green Gram),Rabi,0.87
Mahabubabad,Moong(Green Gram),Kharif,0.51
Mahabubabad,Onion,Rabi,30.11
Mahabubabad,Ragi,Kharif,1.6
Mahabubabad,Onion,Kharif,17.8
Mahabubabad,Rice,Kharif,2.91
Mahabubabad,Rice,Rabi,3.25
Mahbubnagar,Maize,Kharif,2.97
Mahbubnagar,Moong(Green Gram),Kharif,0.44
Mahbubnagar,Oilseeds total,Kharif,0.52
Mahbubnagar,Onion,Kharif,16.59
Mahbubnagar,Onion,Rabi,32.74
Mahbubnagar,Potato,Rabi,13.5
Mahbubnagar,Potato,Whole Year,14.5
Mahbubnagar,Ragi,Kharif,1.02
Mahbubnagar,Rice,Kharif,2.72
Mahbubnagar,Safflower,Kharif,1.0
Mahbubnagar,Ragi,Rabi,1.02
Mahbubnagar,Rice,Rabi,2.94
Mahbubnagar,Safflower,Rabi,1.14
Mahbubnagar,Sesamum,Kharif,0.16
Mahbubnagar,Small millets,Kharif,1.16
Mahbubnagar,Sunflower,Kharif,1.47
Mahbubnagar,Sesamum,Rabi,0.74
Mahbubnagar,Small millets,Rabi,0.9
Mahbubnagar,Soyabean,Kharif,1.52
Mahbubnagar,Sugarcane,Kharif,72.28
Mahbubnagar,Sunflower,Rabi,1.74
Medak,Gram,Rabi,1.28
Medak,Gram,Kharif,1.0
Medak,Groundnut,Kharif,1.57
Medak,Groundnut,Rabi,1.72
Medak,Horse-gram,Kharif,0.92
Medak,Jowar,Kharif,0.93
Medak,Maize,Kharif,2.97
Medak,Moong(Green Gram),Kharif,0.47
Medak,Horse-gram,Rabi,1.01
Medak,Jowar,Rabi,2.18
Medak,Linseed,Rabi,0.45
Medak,Maize,Rabi,4.94
Medak,Masoor,Rabi,0.43
Medak,Moong(Green Gram),Rabi,0.81
Medak,Oilseeds total,Rabi,1.15
Medak,Oilseeds total,Kharif,0.94
Medak,Onion,Rabi,31.57
Medak,Onion,Kharif,16.74
Medak,Other Kharif pulses,Kharif,0.69
Mancherial,Horse-gram,Rabi,0.68
Mancherial,Jowar,Rabi,1.77
Mancherial,Horse-gram,Kharif,1.35
Mancherial,Jowar,Kharif,0.99
Mancherial,Maize,Kharif,4.17
Mancherial,Moong(Green Gram),Kharif,0.61
Mancherial,Maize,Rabi,5.94
Mancherial,Moong(Green Gram),Rabi,1.4
Mancherial,Onion,Kharif,17.91
Mancherial,Rice,Kharif,2.59
Mancherial,Sesamum,Kharif,0.21
Mancherial,Soyabean,Kharif,1.56
Mancherial,Onion,Rabi,30.11
Mancherial,Rice,Rabi,3.66
Mancherial,Safflower,Rabi,0.76
Mancherial,Sesamum,Rabi,0.69
Mancherial,Small millets,Kharif,1.67
Mancherial,Soyabean,Rabi,1.67
Mancherial,Sugarcane,Kharif,104.0
Mancherial,Sunflower,Rabi,2.07
Mancherial,Sweet potato,Rabi,11.16
Medak,Potato,Rabi,15.39
Medak,Ragi,Kharif,1.28
Medak,Rice,Kharif,3.5
Medak,Potato,Kharif,11.4
Medak,Potato,Whole Year,12.96
Medak,Ragi,Rabi,1.61
Medak,Rapeseed &Mustard,Rabi,0.75
Medak,Rice,Rabi,3.96
Medak,Safflower,Rabi,0.76
Medak,Sesamum,Kharif,0.14
Medak,Small millets,Kharif,1.12
Medak,Soyabean,Kharif,1.39
Medak,Sunflower,Kharif,1.45
Medak,Sesamum,Rabi,0.56
Medak,Small millets,Rabi,1.0
Medak,Soyabean,Rabi,1.7
Medak,Sugarcane,Kharif,80.84
Medak,Sunflower,Rabi,1.77
Medak,Sweet potato,Rabi,9.68
Mahabubabad,Safflower,Rabi,1.0
Mahabubabad,Sesamum,Rabi,0.69
Mahabubabad,Small millets,Rabi,0.5
Mahabubabad,Soyabean,Kharif,1.51
Mahabubabad,Sugarcane,Kharif,80.94
Mahabubabad,Sunflower,Rabi,2.03
Nizamabad,Oilseeds total,Rabi,0.78
Nizamabad,Onion,Rabi,28.47
Nizamabad,Other Rabi pulses,Rabi,0.93
Nizamabad,Ragi,Rabi,1.52
Nizamabad,Rapeseed &Mustard,Rabi,1.02
Nizamabad,Oilseeds total,Kharif,1.07
Nizamabad,Onion,Kharif,16.7
Nizamabad,Rice,Rabi,3.67
Nizamabad,Safflower,Rabi,1.25
Nizamabad,Sesamum,Rabi,0.7
Nizamabad,Small millets,Kharif,1.02
Nizamabad,Soyabean,Rabi,1.4
Nizamabad,Sugarcane,Kharif,82.28
Nizamabad,Sunflower,Rabi,1.66
Nizamabad,Sweet potato,Rabi,10.55
Nizamabad,Tobacco,Rabi,2.86
Nizamabad,Turmeric,Rabi,5.84
Nizamabad,Rice,Kharif,3.42
Nizamabad,Soyabean,Kharif,1.64
Nizamabad,Tobacco,Kharif,2.89
Nizamabad,Turmeric,Kharif,4.6
Nizamabad,Urad,Kharif,0.59
Nizamabad,Urad,Rabi,1.21
Peddapalli,Arhar/Tur,Kharif,0.8
Nizamabad,Wheat,Rabi,1.8
Peddapalli,Arhar/Tur,Rabi,0.97
Narayanapet,Sesamum,Kharif,0.33
Narayanapet,Soyabean,Kharif,1.5
Narayanapet,Sunflower,Kharif,2.02
Narayanapet,Urad,Kharif,0.81
Nirmal,Arhar/Tur,Kharif,1.05
Narayanapet,Small millets,Kharif,1.17
Narayanapet,Soyabean,Rabi,1.75
Narayanapet,Sugarcane,Kharif,92.03
Narayanapet,Sunflower,Rabi,2.21
Narayanapet,Urad,Rabi,1.66
Narayanapet,Wheat,Rabi,2.0
Nirmal,Arhar/Tur,Rabi,1.01
Nirmal,Bajra,Rabi,1.27
Nirmal,Banana,Kharif,49.74
Nirmal,Castor seed,Rabi,1.02
Nirmal,Coriander,Rabi,0.77
Nirmal,Cowpea(Lobia),Rabi,0.9
Nirmal,Dry chillies,Rabi,5.63
Nirmal,Garlic,Rabi,2.88
Nirmal,Castor seed,Kharif,0.42
Nirmal,Coriander,Kharif,1.0
Nirmal,Cowpea(Lobia),Kharif,0.77
Nirmal,Dry chillies,Kharif,4.14
Nirmal,Ginger,Kharif,9.0
Narayanapet,Groundnut,Rabi,2.08
Narayanapet,Horse-gram,Rabi,1.17
Narayanapet,Jowar,Rabi,0.94
Narayanapet,Maize,Rabi,7.14
Narayanapet,Moong(Green Gram),Rabi,0.85
Narayanapet,Onion,Rabi,29.02
Narayanapet,Cowpea(Lobia),Kharif,0.69
Narayanapet,Dry chillies,Kharif,4.52
Narayanapet,Gram,Kharif,1.0
Narayanapet,Groundnut,Kharif,2.2
Narayanapet,Horse-gram,Kharif,1.18
Narayanapet,Jowar,Kharif,0.89
Narayanapet,Maize,Kharif,3.68
Narayanapet,Moong(Green Gram),Kharif,0.49
Narayanapet,Onion,Kharif,16.66
Narayanapet,Ragi,Kharif,1.16
Narayanapet,Rice,Kharif,2.91
Narayanapet,Ragi,Rabi,1.46
Narayanapet,Rice,Rabi,3.05
Narayanapet,Safflower,Rabi,0.81
Narayanapet,Safflower,Kharif,1.0
Narayanapet,Sesamum,Rabi,0.68
Nirmal,Small millets,Kharif,1.35
Nirmal,Soyabean,Kharif,1.56
Nirmal,Small millets,Rabi,1.0
Nirmal,Soyabean,Rabi,1.34
Nirmal,Sugarcane,Kharif,89.94
Nirmal,Sunflower,Rabi,2.05
Nirmal,Sunflower,Kharif,3.0
Nirmal,Tobacco,Kharif,4.0
Nirmal,Turmeric,Kharif,5.8
Nirmal,Urad,Kharif,0.78
Nizamabad,Arhar/Tur,Kharif,0.91
Nizamabad,Bajra,Kharif,1.01
Nizamabad,Banana,Kharif,49.72
Nizamabad,Castor seed,Kharif,0.76
Nirmal,Tobacco,Rabi,4.03
Nirmal,Turmeric,Rabi,7.38
Nirmal,Urad,Rabi,1.29
Nirmal,Wheat,Rabi,1.48
Nizamabad,Arhar/Tur,Rabi,0.9
Nizamabad,Bajra,Rabi,1.92
Nizamabad,Banana,Whole Year,31.15
Nizamabad,Castor seed,Rabi,1.05
Peddapalli,Cowpea(Lobia),Kharif,0.59
Peddapalli,Dry chillies,Kharif,3.65
Peddapalli,Bajra,Rabi,1.97
Peddapalli,Banana,Kharif,49.73
Peddapalli,Castor seed,Kharif,0.5
Peddapalli,Coriander,Rabi,0.76
Peddapalli,Cowpea(Lobia),Rabi,1.44
Peddapalli,Dry chillies,Rabi,5.32
Peddapalli,Garlic,Rabi,4.0
Peddapalli,Ginger,Kharif,9.17
Peddapalli,Gram,Rabi,1.5
Peddapalli,Groundnut,Rabi,2.29
Peddapalli,Horse-gram,Rabi,1.0
Peddapalli,Jowar,Rabi,2.08
Peddapalli,Maize,Rabi,8.19
Peddapalli,Groundnut,Kharif,2.23
Peddapalli,Horse-gram,Kharif,1.52
Peddapalli,Jowar,Kharif,0.93
Peddapalli,Maize,Kharif,6.47
Peddapalli,Moong(Green Gram),Kharif,0.6
Peddapalli,Moong(Green Gram),Rabi,0.91
Nizamabad,Coriander,Kharif,0.87
Nizamabad,Coriander,Whole Year,0.49
Nizamabad,Cowpea(Lobia),Rabi,1.67
Nizamabad,Dry chillies,Rabi,4.49
Nizamabad,Garlic,Rabi,3.97
Nizamabad,Ginger,Kharif,7.79
Nizamabad,Gram,Rabi,1.31
Nizamabad,Coriander,Rabi,0.95
Nizamabad,Cowpea(Lobia),Kharif,0.68
Nizamabad,Dry chillies,Kharif,4.38
Nizamabad,Groundnut,Rabi,2.48
Nizamabad,Groundnut,Kharif,2.17
Nizamabad,Horse-gram,Kharif,0.58
Nizamabad,Jowar,Kharif,0.85
Nizamabad,Maize,Kharif,5.47
Nizamabad,Moong(Green Gram),Kharif,0.59
Nizamabad,Horse-gram,Rabi,0.98
Nizamabad,Jowar,Rabi,1.73
Nizamabad,Maize,Rabi,6.14
Nizamabad,Moong(Green Gram),Rabi,0.8
Peddapalli,Onion,Kharif,14.08
Peddapalli,Onion,Rabi,30.17
Peddapalli,Ragi,Kharif,1.84
Peddapalli,Rice,Kharif,3.44
Peddapalli,Rice,Rabi,4.08
Peddapalli,Sesamum,Kharif,0.15
Peddapalli,Safflower,Rabi,1.0
Peddapalli,Sesamum,Rabi,0.69
Peddapalli,Small millets,Kharif,1.7
Peddapalli,Soyabean,Rabi,1.35
Peddapalli,Sunflower,Rabi,2.03
Peddapalli,Turmeric,Rabi,7.33
Peddapalli,Urad,Rabi,1.43
Peddapalli,Wheat,Rabi,2.0
Rajanna,Arhar/Tur,Rabi,0.75
Rajanna,Bajra,Kharif,1.0
Peddapalli,Soyabean,Kharif,1.77
Peddapalli,Turmeric,Kharif,7.16
Peddapalli,Urad,Kharif,0.88
Rajanna,Arhar/Tur,Kharif,0.81
Nirmal,Ginger,Rabi,9.0
Nirmal,Gram,Rabi,1.47
Nirmal,Groundnut,Rabi,2.69
Nirmal,Horse-gram,Rabi,1.26
Nirmal,Jowar,Rabi,1.79
Nirmal,Maize,Rabi,8.7
Nirmal,Gram,Kharif,2.0
Nirmal,Groundnut,Kharif,1.64
Nirmal,Horse-gram,Kharif,1.6
Nirmal,Jowar,Kharif,0.94
Nirmal,Maize,Kharif,5.9
Nirmal,Moong(Green Gram),Kharif,0.52
Nirmal,Onion,Kharif,17.85
Nirmal,Ragi,Kharif,1.67
Nirmal,Moong(Green Gram),Rabi,0.97
Nirmal,Onion,Rabi,31.11
Nirmal,Ragi,Rabi,1.09
Nirmal,Rice,Rabi,3.56
Nirmal,Safflower,Rabi,0.86
Nirmal,Rice,Kharif,3.04
Nirmal,Sesamum,Rabi,0.56
Nalgonda,other oilseeds,Kharif,19.97
Narayanapet,Arhar/Tur,Kharif,0.72
Narayanapet,Arhar/Tur,Rabi,0.98
Narayanapet,Bajra,Rabi,2.2
Narayanapet,Bajra,Kharif,1.17
Narayanapet,Castor seed,Kharif,1.01
Narayanapet,Banana,Kharif,48.31
Narayanapet,Castor seed,Rabi,1.32
Narayanapet,Coriander,Rabi,1.0
Narayanapet,Cowpea(Lobia),Rabi,0.88
Narayanapet,Dry chillies,Rabi,5.1
Narayanapet,Garlic,Rabi,4.0
Narayanapet,Gram,Rabi,1.44
Vikarabad,Dry chillies,Kharif,4.49
Vikarabad,Garlic,Kharif,2.0
Vikarabad,Ginger,Kharif,6.7
Vikarabad,Gram,Kharif,1.61
Vikarabad,Dry chillies,Rabi,5.32
Vikarabad,Garlic,Rabi,4.0
Vikarabad,Ginger,Rabi,6.72
Vikarabad,Gram,Rabi,1.44
Vikarabad,Groundnut,Rabi,2.26
Vikarabad,Horse-gram,Rabi,1.11
Vikarabad,Jowar,Rabi,1.59
Vikarabad,Groundnut,Kharif,1.9
Vikarabad,Horse-gram,Kharif,1.03
Vikarabad,Jowar,Kharif,1.1
Vikarabad,Maize,Kharif,4.2
Vikarabad,Maize,Rabi,5.93
Vikarabad,Moong(Green Gram),Rabi,0.97
Vikarabad,Onion,Rabi,36.46
Vikarabad,Moong(Green Gram),Kharif,0.71
Vikarabad,Onion,Kharif,15.71
Vikarabad,Potato,Kharif,24.33
Vikarabad,Potato,Rabi,21.51
Vikarabad,Ragi,Kharif,1.96
Vikarabad,Rice,Kharif,2.88
Suryapet,Arhar/Tur,Kharif,0.67
Siddipet,Wheat,Rabi,1.93
Suryapet,Arhar/Tur,Rabi,0.84
Suryapet,Bajra,Kharif,1.0
Suryapet,Bajra,Rabi,3.0
Suryapet,Banana,Kharif,49.78
Suryapet,Castor seed,Rabi,0.94
Suryapet,Coriander,Kharif,1.0
Suryapet,Cowpea(Lobia),Rabi,0.62
Suryapet,Castor seed,Kharif,0.5
Suryapet,Cowpea(Lobia),Kharif,0.87
Suryapet,Dry chillies,Kharif,4.05
Suryapet,Dry chillies,Rabi,7.57
Suryapet,Ginger,Kharif,9.0
Suryapet,Gram,Rabi,1.49
Suryapet,Groundnut,Rabi,2.1
Suryapet,Horse-gram,Rabi,1.21
Suryapet,Jowar,Rabi,1.58
Suryapet,Groundnut,Kharif,1.9
Suryapet,Horse-gram,Kharif,1.77
Suryapet,Jowar,Kharif,0.94
Wanaparthy,Cowpea(Lobia),Kharif,0.76
Wanaparthy,Dry chillies,Kharif,4.39
Wanaparthy,Groundnut,Kharif,2.09
Wanaparthy,Horse-gram,Kharif,1.03
Wanaparthy,Jowar,Kharif,0.93
Wanaparthy,Maize,Kharif,3.24
Wanaparthy,Moong(Green Gram),Kharif,0.6
Wanaparthy,Onion,Kharif,23.04
Wanaparthy,Ragi,Kharif,1.59
Wanaparthy,Rice,Rabi,3.32
Wanaparthy,Safflower,Rabi,1.0
Wanaparthy,Rice,Kharif,2.89
Wanaparthy,Sesamum,Kharif,0.17
Wanaparthy,Sesamum,Rabi,0.72
Wanaparthy,Small millets,Kharif,1.14
Wanaparthy,Soyabean,Kharif,1.44
Wanaparthy,Small millets,Rabi,1.0
Wanaparthy,Soyabean,Rabi,1.47
Wanaparthy,Sugarcane,Kharif,76.3
Wanaparthy,Sunflower,Rabi,1.84
Wanaparthy,Tobacco,Rabi,5.21
Suryapet,Maize,Kharif,3.4
Suryapet,Maize,Rabi,5.74
Suryapet,Moong(Green Gram),Kharif,0.41
Suryapet,Moong(Green Gram),Rabi,0.77
Suryapet,Onion,Kharif,16.85
Suryapet,Onion,Rabi,28.06
Suryapet,Ragi,Rabi,1.35
Suryapet,Rice,Kharif,3.36
Suryapet,Sesamum,Kharif,0.15
Suryapet,Small millets,Kharif,1.7
Suryapet,Sunflower,Kharif,1.0
Suryapet,Sweet potato,Kharif,12.42
Suryapet,Rice,Rabi,3.54
Suryapet,Safflower,Rabi,1.0
Suryapet,Sesamum,Rabi,0.73
Suryapet,Small millets,Rabi,1.0
Suryapet,Sugarcane,Kharif,89.0
Suryapet,Sunflower,Rabi,1.83
Suryapet,Sweet potato,Rabi,11.15
Suryapet,Tobacco,Rabi,3.33
Suryapet,Turmeric,Kharif,7.03
Vikarabad,Safflower,Kharif,0.85
Vikarabad,Sesamum,Kharif,0.23
Vikarabad,Ragi,Rabi,1.33
Vikarabad,Rice,Rabi,3.11
Vikarabad,Safflower,Rabi,0.82
Vikarabad,Sesamum,Rabi,0.71
Vikarabad,Small millets,Kharif,0.78
Vikarabad,Small millets,Rabi,0.75
Vikarabad,Soyabean,Kharif,1.71
Vikarabad,Sunflower,Kharif,3.0
Vikarabad,Soyabean,Rabi,1.37
Vikarabad,Sugarcane,Kharif,76.18
Vikarabad,Sunflower,Rabi,2.09
Vikarabad,Sweet potato,Kharif,10.26
Vikarabad,Sweet potato,Rabi,10.09
Vikarabad,Turmeric,Rabi,12.14
Vikarabad,Turmeric,Kharif,8.45
Vikarabad,Urad,Kharif,0.76
Vikarabad,Urad,Rabi,1.66
Vikarabad,Wheat,Kharif,2.0
Vikarabad,Wheat,Rabi,1.97
Wanaparthy,Arhar/Tur,Rabi,0.81
Wanaparthy,Bajra,Kharif,1.0
Wanaparthy,Banana,Kharif,47.0
Wanaparthy,Arhar/Tur,Kharif,0.56
Wanaparthy,Castor seed,Kharif,0.92
Wanaparthy,Castor seed,Rabi,0.95
Wanaparthy,Cowpea(Lobia),Rabi,1.0
Wanaparthy,Dry chillies,Rabi,5.64
Wanaparthy,Gram,Rabi,1.85
Wanaparthy,Groundnut,Rabi,2.65
Wanaparthy,Horse-gram,Rabi,1.07
Wanaparthy,Jowar,Rabi,1.88
Wanaparthy,Maize,Rabi,6.22
Wanaparthy,Moong(Green Gram),Rabi,0.92
Wanaparthy,Onion,Rabi,30.1
Wanaparthy,Ragi,Rabi,1.42
Suryapet,Turmeric,Rabi,6.0
Suryapet,Urad,Rabi,1.29
Suryapet,Urad,Kharif,0.84
Vikarabad,Arhar/Tur,Kharif,0.73
Vikarabad,Arhar/Tur,Rabi,0.83
Vikarabad,Bajra,Kharif,0.89
Vikarabad,Bajra,Rabi,2.03
Vikarabad,Banana,Kharif,53.63
Vikarabad,Castor seed,Kharif,0.85
Vikarabad,Coriander,Kharif,0.59
Vikarabad,Castor seed,Rabi,1.26
Vikarabad,Coriander,Rabi,0.76
Vikarabad,Cowpea(Lobia),Kharif,0.8
Vikarabad,Cowpea(Lobia),Rabi,0.99
Siddipet,Sesamum,Kharif,0.32
Siddipet,Soyabean,Kharif,1.43
Siddipet,Sunflower,Kharif,2.03
Siddipet,Safflower,Rabi,1.12
Siddipet,Sesamum,Rabi,0.7
Siddipet,Small millets,Kharif,0.5
Siddipet,Soyabean,Rabi,1.6
Siddipet,Sugarcane,Kharif,90.37
Siddipet,Sunflower,Rabi,2.11
Siddipet,Tobacco,Rabi,2.51
Siddipet,Turmeric,Kharif,6.86
Siddipet,Urad,Kharif,0.85
Siddipet,Turmeric,Rabi,7.0
Siddipet,Urad,Rabi,1.4
Siddipet,Wheat,Kharif,2.0
Siddipet,Ragi,Rabi,2.0
Siddipet,Rice,Rabi,3.36
Wanaparthy,Urad,Rabi,1.46
Wanaparthy,Wheat,Rabi,2.0
Warangal,Arhar/Tur,Rabi,0.89
Warangal,Bajra,Rabi,2.17
Warangal,Banana,Whole Year,31.14
Warangal,Cashewnut,Kharif,1.0
Warangal,Castor seed,Rabi,1.0
Wanaparthy,Tobacco,Kharif,3.0
Wanaparthy,Urad,Kharif,0.83
Warangal,Arhar/Tur,Kharif,0.82
Warangal,Bajra,Kharif,1.0
Warangal,Banana,Kharif,51.82
Warangal,Castor seed,Kharif,0.62
Warangal,Coriander,Rabi,3.27
Warangal,Cowpea(Lobia),Kharif,0.75
Warangal,Dry chillies,Kharif,3.54
Warangal,Coriander,Kharif,1.0
Warangal,Coriander,Whole Year,0.49
Warangal,Cowpea(Lobia),Rabi,4.44
Warangal,Dry chillies,Rabi,3.23
Warangal,Ginger,Kharif,8.03
Warangal,Gram,Kharif,1.0
Warangal,Groundnut,Kharif,3.14
Warangal,Ginger,Rabi,7.0
Warangal,Gram,Rabi,1.15
Warangal,Groundnut,Rabi,2.45
Warangal,Horse-gram,Rabi,0.7
Warangal,Jowar,Rabi,1.58
Warangal,Maize,Rabi,7.89
Warangal,Moong(Green Gram),Rabi,0.78
Warangal,Horse-gram,Kharif,1.0
Warangal,Jowar,Kharif,0.87
Warangal,Maize,Kharif,5.37
Warangal,Moong(Green Gram),Kharif,0.71
Warangal,Oilseeds total,Rabi,1.65
Warangal,Onion,Rabi,30.1
Warangal,Ragi,Rabi,1.0
Warangal,Rice,Rabi,3.59
Warangal,Safflower,Rabi,1.0
Warangal,Sesamum,Rabi,0.55
Warangal,Oilseeds total,Kharif,1.25
Warangal,Onion,Kharif,18.01
Warangal,Ragi,Kharif,1.6
Warangal,Rice,Kharif,2.98
Warangal,Sesamum,Kharif,0.16
Warangal,Small millets,Kharif,1.38
Warangal,Soyabean,Rabi,1.32
Warangal,Sugarcane,Kharif,82.42
Warangal,Soyabean,Kharif,1.43
Warangal,Sunflower,Kharif,2.0
Warangal,Sunflower,Rabi,1.87
Warangal,Sweet potato,Whole Year,6.4
Warangal,Tobacco,Rabi,3.27
Warangal,Sweet potato,Rabi,12.61
Warangal,Tobacco,Kharif,3.38
Warangal,Turmeric,Kharif,5.51
Warangal,Turmeric,Rabi,5.61
Warangal,Urad,Rabi,1.16
Warangal urban,Arhar/Tur,Rabi,0.79
Warangal,Urad,Kharif,0.71
Warangal urban,Arhar/Tur,Kharif,0.67
Warangal urban,Bajra,Kharif,1.0
Warangal urban,Bajra,Rabi,3.0
Warangal urban,Banana,Kharif,49.75
Warangal urban,Castor seed,Kharif,0.76
Warangal urban,Coriander,Rabi,1.0
Warangal urban,Cowpea(Lobia),Kharif,0.71
Warangal urban,Cowpea(Lobia),Rabi,0.91
Warangal urban,Dry chillies,Kharif,4.0
Warangal urban,Gram,Kharif,2.0
Warangal urban,Groundnut,Kharif,2.69
Warangal urban,Horse-gram,Kharif,0.93
Warangal urban,Dry chillies,Rabi,5.57
Warangal urban,Garlic,Rabi,1.72
Warangal urban,Ginger,Kharif,9.0
Warangal urban,Gram,Rabi,1.27
Warangal urban,Groundnut,Rabi,1.65
Warangal urban,Horse-gram,Rabi,1.07
Warangal urban,Jowar,Kharif,0.92
Warangal urban,Jowar,Rabi,2.26
Warangal urban,Maize,Kharif,5.66
Warangal urban,Maize,Rabi,7.26
Warangal urban,Moong(Green Gram),Rabi,0.92
Warangal urban,Moong(Green Gram),Kharif,0.45
Warangal urban,Onion,Kharif,14.56
Warangal urban,Rice,Kharif,3.04
Warangal urban,Onion,Rabi,30.1
Warangal urban,Potato,Kharif,12.0
Warangal urban,Ragi,Kharif,1.79
Warangal urban,Rice,Rabi,3.78
Warangal urban,Safflower,Kharif,1.0
Warangal urban,Safflower,Rabi,0.92
Warangal urban,Sesamum,Kharif,0.31
Warangal urban,Sesamum,Rabi,0.72
Warangal urban,Small millets,Kharif,1.22
Warangal urban,Soyabean,Kharif,1.6
Warangal urban,Soyabean,Rabi,1.63
Warangal urban,Sunflower,Rabi,2.07
Warangal urban,Tobacco,Rabi,2.82
Warangal urban,Turmeric,Rabi,6.39
Warangal urban,Urad,Rabi,1.43
Warangal urban,Wheat,Rabi,2.0
Yadadri,Arhar/Tur,Rabi,0.88
Yadadri,Bajra,Rabi,1.0
Warangal urban,Tobacco,Kharif,2.6
Warangal urban,Turmeric,Kharif,6.51
Warangal urban,Urad,Kharif,0.84
Yadadri,Arhar/Tur,Kharif,0.59
Yadadri,Bajra,Kharif,0.8
Yadadri,Banana,Kharif,49.73
Yadadri,Cashewnut,Kharif,0.67
Yadadri,Castor seed,Kharif,0.8
Yadadri,Cowpea(Lobia),Kharif,0.85
Yadadri,Castor seed,Rabi,1.02
Yadadri,Coriander,Rabi,0.76
Yadadri,Cowpea(Lobia),Rabi,0.83
Yadadri,Dry chillies,Rabi,5.57
Yadadri,Dry chillies,Kharif,4.33
Yadadri,Ginger,Kharif,9.0
Yadadri,Gram,Rabi,1.53
Yadadri,Groundnut,Rabi,2.29
Yadadri,Horse-gram,Rabi,1.04
Yadadri,Jowar,Rabi,1.82
Yadadri,Maize,Rabi,7.66
Yadadri,Groundnut,Kharif,2.22
Yadadri,Horse-gram,Kharif,1.1
Yadadri,Jowar,Kharif,0.73
Yadadri,Maize,Kharif,3.34
Yadadri,Moong(Green Gram),Kharif,0.61
Yadadri,Moong(Green Gram),Rabi,0.92
Yadadri,Onion,Rabi,29.92
Yadadri,Potato,Rabi,17.22
Yadadri,Ragi,Kharif,1.76
Yadadri,Rice,Kharif,3.31
Yadadri,Rice,Rabi,3.61
Yadadri,Safflower,Rabi,0.94
Yadadri,Safflower,Kharif,1.0
Yadadri,Sesamum,Kharif,0.18
Yadadri,Sesamum,Rabi,0.76
Yadadri,Small millets,Rabi,1.41
Yadadri,Small millets,Kharif,1.16
Yadadri,Soyabean,Kharif,1.6
Yadadri,Soyabean,Rabi,1.5
Yadadri,Sugarcane,Kharif,89.49
Yadadri,Sunflower,Rabi,1.4
Yadadri,Sweet potato,Kharif,12.37
Yadadri,Sweet potato,Rabi,11.67
Yadadri,Tobacco,Rabi,2.25
Yadadri,Tobacco,Kharif,3.8
Yadadri,Urad,Kharif,0.82
Yadadri,Turmeric,Kharif,7.17
Yadadri,Urad,Rabi,1.39
Yadadri,Wheat,Rabi,2.03
